{
  "version": 3,
  "projectId": "liquityv2",
  "locations": {
    "eth:0x6440f144b7e50D6a8439336510312d2F54beB01D": {
      "width": 240.6028018485306,
      "height": 292,
      "x": 2181.1772516076044,
      "y": 821.1039121276011
    },
    "eth:0x531a8f99c70D6A56A7CEe02d6B4281650d7919a0": {
      "width": 200,
      "height": 148,
      "x": 400,
      "y": 0
    },
    "eth:0x9074D72cc82DaD1e13E454755Aa8f144c479532F": {
      "width": 200,
      "height": 148,
      "x": 400,
      "y": 1312
    },
    "eth:0xeB5A8C825582965f1d84606E078620a84ab16AfE": {
      "width": 200,
      "height": 148,
      "x": 400,
      "y": 656
    },
    "eth:0x20F7C9ad66983F6523a0881d0f82406541417526": {
      "width": 200,
      "height": 328,
      "x": -418.9868212704636,
      "y": 778.9308374213709
    },
    "eth:0x6106046F031a22713697e04C08B330dDaf3e8789": {
      "width": 200,
      "height": 328,
      "x": -441.0240189468377,
      "y": 1294.1159590057812
    },
    "eth:0x8d733F7ea7c23Cbea7C613B6eBd845d46d3aAc54": {
      "width": 200,
      "height": 328,
      "x": -418.1569582306456,
      "y": 141.4564213790045
    },
    "eth:0x372ABD1810eAF23Cb9D941BbE7596DFb2c46BC65": {
      "width": 200,
      "height": 238,
      "x": 800.34403592994,
      "y": 783.5169673337792
    },
    "eth:0xa741A32f9dcFe6aDBa088fD0f97e90742d7d5DA3": {
      "width": 200,
      "height": 238,
      "x": 800,
      "y": 73.59042940790658
    },
    "eth:0xe8119fC02953B27a1b48D2573855738485A17329": {
      "width": 200,
      "height": 238,
      "x": 801.7787317078531,
      "y": 1402.4648797694103
    },
    "eth:0xf949982B91C8c61e952B3bA942cbbfaef5386684": {
      "width": 200,
      "height": 112,
      "x": -968.6757414338297,
      "y": 680.3057542262211
    },
    "eth:0x36e6CBdf68f64CF00fC3a6c634A25be32Dd0A235": {
      "width": 200,
      "height": 76,
      "x": 400,
      "y": 208
    },
    "eth:0xba4A2bD8b76DF84CaC98eBa3f4b967D8423192bF": {
      "width": 200,
      "height": 76,
      "x": 400,
      "y": 1520
    },
    "eth:0xedbE2509E502c0320D2e7f8b6746a49b4B50E2bF": {
      "width": 200,
      "height": 76,
      "x": 400,
      "y": 864
    },
    "eth:0x5cc5ceFD034Fdc4728D487a72Ca58A410CDdCD6b": {
      "width": 200,
      "height": 76,
      "x": 807.1149268314126,
      "y": 1314.4906358814449
    },
    "eth:0xD4558240d50C2E219a21c9d25afD513Bb6e5B1A0": {
      "width": 200,
      "height": 76,
      "x": 805.3361951235594,
      "y": 685.324196825963
    },
    "eth:0xD796e1648526400386CC4d12FA05E5F11e6a22A1": {
      "width": 200,
      "height": 76,
      "x": 800,
      "y": -33.595217825337386
    },
    "eth:0x84087689B0D6a8A8f11C297e9e7f8De99f398258": {
      "width": 200,
      "height": 58,
      "x": 1200,
      "y": 1172.3704110891013
    },
    "eth:0xa5224865040034A9f8E5C60e0a616c9c8A63f237": {
      "width": 200,
      "height": 58,
      "x": 1200,
      "y": 646.3704110891315
    },
    "eth:0xcC77baf5706BDf7CFA7FefD5337833e2e1fd0d8e": {
      "width": 200,
      "height": 58,
      "x": 1200,
      "y": 1835.8877251815438
    },
    "eth:0x45c81dcE308389e1Bee63ae30A04Fb1e148dad41": {
      "width": 200,
      "height": 40,
      "x": 400,
      "y": 1616
    },
    "eth:0x7b9ab3DE4036caE51F1fa4ec0a2C2fd606bCF921": {
      "width": 200,
      "height": 40,
      "x": 400,
      "y": 960
    },
    "eth:0x8C44FBa379D8A8608C0e29B2729DeB75a981Db1f": {
      "width": 200,
      "height": 40,
      "x": 400,
      "y": 304
    },
    "eth:0x807DEf5E7d057DF05C796F4bc75C3Fe82Bd6EeE1": {
      "width": 200,
      "height": 76,
      "x": -946.4633784116303,
      "y": 422.1365470015014
    },
    "eth:0xF0caE19C96E572234398d6665cC1147A16cBe657": {
      "width": 200,
      "height": 58,
      "x": -972.3057002983248,
      "y": 1029.1403230511023
    },
    "eth:0x3400874305E1547020fb8e80eAF1308B757171Af": {
      "width": 200,
      "height": 58,
      "x": 800,
      "y": 1840.6917707486318
    },
    "eth:0x362f822dF79790C8077e61110484Fffa48F682A1": {
      "width": 200,
      "height": 58,
      "x": 798.5913303182328,
      "y": 531.5348274011698
    },
    "eth:0x9B36C3B16299D68c79F174df7e728E35b6AF4A12": {
      "width": 200,
      "height": 58,
      "x": 801.7787317078531,
      "y": 1217.8354163756824
    },
    "eth:0xFA61dB085510C64B83056Db3A7Acf3b6f631D235": {
      "width": 200,
      "height": 58,
      "x": -972.3057002983246,
      "y": 1324.4976531891054
    },
    "eth:0x34F1E9c7dcc279ec70d3c4488EB2D80FBa8B7b2B": {
      "width": 200,
      "height": 40,
      "x": 400,
      "y": 1676
    },
    "eth:0x14d8d8011dF2b396Ed2bbC4959bb73250324F386": {
      "width": 200,
      "height": 76,
      "x": 400,
      "y": 1736
    },
    "eth:0x84eb85a8C25049255614F0536Bea8F31682e86F1": {
      "width": 200,
      "height": 76,
      "x": 400,
      "y": 424
    },
    "eth:0xA25269E41BD072513849F2E64Ad221e84f3063F4": {
      "width": 200,
      "height": 76,
      "x": 400,
      "y": 1080
    },
    "eth:0x5721cbbd64fc7Ae3Ef44A0A3F9a790A9264Cf9BF": {
      "width": 200,
      "height": 166,
      "x": 801.7787317078531,
      "y": 1040.7119041735918
    },
    "eth:0x9502b7c397E9aa22FE9dB7EF7DAF21cD2AEBe56B": {
      "width": 200,
      "height": 166,
      "x": 800,
      "y": 336.68340662992256
    },
    "eth:0xd442E41019B7F5C4dD78F50dc03726C446148695": {
      "width": 200,
      "height": 166,
      "x": 800,
      "y": 1655.6484895662486
    },
    "eth:0x7bcb64B2c9206a5B699eD43363f6F98D4776Cf5A": {
      "width": 200,
      "height": 274,
      "x": 0,
      "y": 911.3091677117637
    },
    "eth:0xA2895d6A3bf110561Dfe4b71cA539d84e1928B22": {
      "width": 200,
      "height": 274,
      "x": 0,
      "y": 269.4836993641261
    },
    "eth:0xb2B2ABEb5C357a234363FF5D180912D319e3e19e": {
      "width": 200,
      "height": 274,
      "x": 0,
      "y": 1517.472632910588
    },
    "eth:0x1A0FC0b843aFD9140267D25d4E575Cb37a838013": {
      "width": 200,
      "height": 76,
      "x": 400,
      "y": 1176
    },
    "eth:0x7ae430E25b67f19B431e1D1Dc048a5BCF24C0873": {
      "width": 200,
      "height": 76,
      "x": 400,
      "y": 1835.6119893455784
    },
    "eth:0x857aECeBF75f1012DC18E15020C97096aeA31b04": {
      "width": 200,
      "height": 76,
      "x": 400,
      "y": 520
    },
    "eth:0x65f9A98009Aecaa3fc8A3A83FEF44e2b6931A7b2": {
      "width": 200,
      "height": 58,
      "x": -944.4945669798623,
      "y": 219.35261457167223
    },
    "eth:0xCC5F8102eb670c89a4a3c567C13851260303c24F": {
      "width": 200,
      "height": 40,
      "x": 400,
      "y": 1020
    },
    "eth:0xe7Aa2Ba9E086A379d3beb224098bC634a46e314E": {
      "width": 200,
      "height": 40,
      "x": 400,
      "y": 364
    },
    "eth:0x5CcA549ca706C39D68156e5E0a72CcBC95f563d0": {
      "width": 200,
      "height": 40,
      "x": 1600,
      "y": 1178.4936483109352
    },
    "eth:0x884Acfa4593a6FdbA0a9373007E48Ea9AF881C42": {
      "width": 200,
      "height": 40,
      "x": 1600,
      "y": 1843.8366773164435
    },
    "eth:0xf4a3fE99227F6060e4C1c62b557EEE050B6483E4": {
      "width": 200,
      "height": 40,
      "x": 1600,
      "y": 652.4936483109661
    }
  },
  "colors": {
    "eth:0x6440f144b7e50D6a8439336510312d2F54beB01D": 0,
    "eth:0x531a8f99c70D6A56A7CEe02d6B4281650d7919a0": 1,
    "eth:0x9074D72cc82DaD1e13E454755Aa8f144c479532F": 3,
    "eth:0xeB5A8C825582965f1d84606E078620a84ab16AfE": 2,
    "eth:0x20F7C9ad66983F6523a0881d0f82406541417526": 2,
    "eth:0x6106046F031a22713697e04C08B330dDaf3e8789": 3,
    "eth:0x8d733F7ea7c23Cbea7C613B6eBd845d46d3aAc54": 1,
    "eth:0x372ABD1810eAF23Cb9D941BbE7596DFb2c46BC65": 2,
    "eth:0xa741A32f9dcFe6aDBa088fD0f97e90742d7d5DA3": 1,
    "eth:0xe8119fC02953B27a1b48D2573855738485A17329": 3,
    "eth:0xf949982B91C8c61e952B3bA942cbbfaef5386684": 0,
    "eth:0x36e6CBdf68f64CF00fC3a6c634A25be32Dd0A235": 1,
    "eth:0xba4A2bD8b76DF84CaC98eBa3f4b967D8423192bF": 3,